Name,U.S. Dollar Index
2024-12-31,108.48159999999999
2024-12-30,108.0351
2024-12-27,108.0151
2024-12-26,108.09490000000001
2024-12-25,108.0975
2024-12-24,108.1118
2024-12-23,108.08250000000001
2024-12-20,107.8408
2024-12-19,108.4157
2024-12-18,108.2621
2024-12-17,106.9473
2024-12-16,106.8616
2024-12-13,106.9428
2024-12-12,107.01700000000001
2024-12-11,106.6559
2024-12-10,106.41099999999999
2024-12-09,106.1571
2024-12-06,105.9702
2024-12-05,105.7222
2024-12-04,106.36650000000002
2024-12-03,106.3397
2024-12-02,106.4026
2024-11-29,105.7761
2024-11-28,106.1693
2024-11-27,106.05599999999998
2024-11-26,106.8843
2024-11-25,106.8942
2024-11-22,107.4911
2024-11-21,107.06309999999999
2024-11-20,106.6475
2024-11-19,106.17649999999999
2024-11-18,106.2149
2024-11-15,106.6842
2024-11-14,106.86819999999999
2024-11-13,106.48389999999999
2024-11-12,105.9343
2024-11-11,105.5069
2024-11-08,104.95210000000002
2024-11-07,104.3389
2024-11-06,105.15480000000001
2024-11-05,103.40970000000002
2024-11-04,103.89710000000001
2024-11-01,104.3228
2024-10-31,103.8939
2024-10-30,104.1215
2024-10-29,104.26480000000001
2024-10-28,104.3122
2024-10-25,104.31530000000001
2024-10-24,104.0255
2024-10-23,104.42399999999999
2024-10-22,104.0766
2024-10-21,103.98660000000001
2024-10-18,103.4615
2024-10-17,103.77520000000001
2024-10-16,103.52180000000001
2024-10-15,103.2112
2024-10-14,103.1953
2024-10-11,102.9254
2024-10-10,102.8529
2024-10-09,102.90079999999999
2024-10-08,102.46189999999999
2024-10-07,102.48530000000001
2024-10-04,102.493
2024-10-03,101.96629999999999
2024-10-02,101.6375
2024-10-01,101.2063
2024-09-30,100.7604
2024-09-27,100.4199
2024-09-26,100.5576
2024-09-25,100.9252
2024-09-24,100.3527
2024-09-23,100.9383
2024-09-20,100.73349999999999
2024-09-19,100.6377
2024-09-18,100.942
2024-09-17,101.01859999999999
2024-09-16,100.6625
2024-09-13,101.11099999999999
2024-09-12,101.242
2024-09-11,101.7414
2024-09-10,101.6712
2024-09-09,101.6448
2024-09-06,101.183
2024-09-05,101.05999999999999
2024-09-04,101.2864
2024-09-03,101.7512
2024-09-02,101.6452
2024-08-30,101.732
2024-08-29,101.3796
2024-08-28,101.06309999999999
2024-08-27,100.55489999999999
2024-08-26,100.8783
2024-08-23,100.6824
2024-08-22,101.5149
2024-08-21,101.17559999999999
2024-08-20,101.36769999999999
2024-08-19,101.85780000000001
2024-08-16,102.404
2024-08-15,103.05170000000001
2024-08-14,102.6053
2024-08-13,102.61410000000001
2024-08-12,103.13069999999999
2024-08-09,103.1518
2024-08-08,103.2189
2024-08-07,103.18199999999999
2024-08-06,102.89429999999999
2024-08-05,102.7266
2024-08-02,103.2295
2024-08-01,104.3402
2024-07-31,104.0574
2024-07-30,104.46900000000001
2024-07-29,104.57440000000001
2024-07-26,104.3233
2024-07-25,104.40530000000001
2024-07-24,104.356
2024-07-23,104.4379
2024-07-22,104.2941
2024-07-19,104.3654
2024-07-18,104.1947
2024-07-17,103.72609999999999
2024-07-16,104.22829999999999
2024-07-15,104.2633
2024-07-12,104.0997
2024-07-11,104.44879999999999
2024-07-10,105.00229999999999
2024-07-09,105.1279
2024-07-08,105.0203
2024-07-05,104.86890000000001
2024-07-04,105.1517
2024-07-03,105.35340000000001
2024-07-02,105.69069999999999
2024-07-01,105.8109
2024-06-28,105.84270000000001
2024-06-27,105.93039999999999
2024-06-26,106.0545
2024-06-25,105.62709999999998
2024-06-24,105.48740000000001
2024-06-21,105.82509999999999
2024-06-20,105.6637
2024-06-19,105.252
2024-06-18,105.2666
2024-06-17,105.3287
2024-06-14,105.52669999999999
2024-06-13,105.2302
2024-06-12,104.70809999999999
2024-06-11,105.2706
2024-06-10,105.12500000000001
2024-06-07,104.93950000000001
2024-06-06,104.11679999999998
2024-06-05,104.3163
2024-06-04,104.1518
2024-06-03,104.0608
2024-05-31,104.63179999999998
2024-05-30,104.7489
2024-05-29,105.1293
2024-05-28,104.6242
2024-05-27,104.5908
2024-05-24,104.74210000000001
2024-05-23,105.0274
2024-05-22,104.93209999999999
2024-05-21,104.65140000000001
2024-05-20,104.6184
2024-05-17,104.4932
2024-05-16,104.5052
2024-05-15,104.30149999999999
2024-05-14,104.99889999999999
2024-05-13,105.2154
2024-05-10,105.32770000000001
2024-05-09,105.22420000000001
2024-05-08,105.50789999999999
2024-05-07,105.3886
2024-05-06,105.0927
2024-05-03,105.0851
2024-05-02,105.3848
2024-05-01,105.6542
2024-04-30,106.3369
2024-04-29,105.6515
2024-04-26,106.0902
2024-04-25,105.57589999999999
2024-04-24,105.81600000000002
2024-04-23,105.6998
2024-04-22,106.13000000000001
2024-04-19,106.1149
2024-04-18,106.16749999999999
2024-04-17,105.9426
2024-04-16,106.36710000000001
2024-04-15,106.20609999999999
2024-04-12,106.0228
2024-04-11,105.28389999999999
2024-04-10,105.19749999999999
2024-04-09,104.1119
2024-04-08,104.14260000000002
2024-04-05,104.2968
2024-04-04,104.2239
2024-04-03,104.24419999999999
2024-04-02,104.77300000000001
2024-04-01,104.9595
2024-03-29,104.50699999999999
2024-03-28,104.53899999999999
2024-03-27,104.2877
2024-03-26,104.3076
2024-03-25,104.2268
2024-03-22,104.43319999999999
2024-03-21,104.00739999999999
2024-03-20,103.4023
2024-03-19,103.8142
2024-03-18,103.5873
2024-03-15,103.45309999999999
2024-03-14,103.3672
2024-03-13,102.81190000000001
2024-03-12,102.93209999999999
2024-03-11,102.8445
2024-03-08,102.742
2024-03-07,102.8058
2024-03-06,103.36699999999999
2024-03-05,103.783
2024-03-04,103.8343
2024-03-01,103.8849
2024-02-29,104.13589999999999
2024-02-28,103.9365
2024-02-27,103.8116
2024-02-26,103.77770000000001
2024-02-23,103.9738
2024-02-22,103.94059999999999
2024-02-21,103.986
2024-02-20,104.0599
2024-02-19,104.2525
2024-02-16,104.27659999999999
2024-02-15,104.26520000000001
2024-02-14,104.7252
2024-02-13,104.8646
2024-02-12,104.1446
2024-02-09,104.0736
2024-02-08,104.1405
2024-02-07,104.04990000000001
2024-02-06,104.1764
2024-02-05,104.4557
2024-02-02,103.96549999999999
2024-02-01,103.0629
2024-01-31,103.5235
2024-01-30,103.39690000000002
2024-01-29,103.468
2024-01-26,103.4744
2024-01-25,103.4839
2024-01-24,103.25829999999999
2024-01-23,103.5491
2024-01-22,103.34660000000001
2024-01-19,103.2317
2024-01-18,103.4048
2024-01-17,103.3728
2024-01-16,103.33599999999998
2024-01-15,102.5912
2024-01-12,102.44030000000001
2024-01-11,102.31
2024-01-10,102.35289999999999
2024-01-09,102.5125
2024-01-08,102.2903
2024-01-05,102.4395
2024-01-04,102.42530000000001
2024-01-03,102.46910000000001
2024-01-02,102.24600000000001
2024-01-01,101.322
2023-12-29,101.37780000000001
2023-12-28,101.2418
2023-12-27,100.9438
2023-12-26,101.45949999999999
2023-12-25,101.7027
2023-12-22,101.70309999999999
2023-12-21,101.74680000000001
2023-12-20,102.42679999999999
2023-12-19,102.1234
2023-12-18,102.5023
2023-12-15,102.5936
2023-12-14,101.9513
2023-12-13,102.9468
2023-12-12,103.8123
2023-12-11,104.08109999999999
2023-12-08,103.99799999999999
2023-12-07,103.64670000000001
2023-12-06,104.17790000000001
2023-12-05,103.94740000000002
2023-12-04,103.6354
2023-12-01,103.19519999999999
2023-11-30,103.5064
2023-11-29,102.86179999999999
2023-11-28,102.73089999999999
2023-11-27,103.2163
2023-11-24,103.4359
2023-11-23,103.76089999999999
2023-11-22,103.8731
2023-11-21,103.6092
2023-11-20,103.4892
2023-11-17,103.8218
2023-11-16,104.3757
2023-11-15,104.4005
2023-11-14,104.0765
2023-11-13,105.6703
2023-11-10,105.81020000000001
2023-11-09,105.9201
2023-11-08,105.5321
2023-11-07,105.5118
2023-11-06,105.28429999999999
2023-11-03,105.05409999999999
2023-11-02,106.13990000000001
2023-11-01,106.66
2023-10-31,106.7227
2023-10-30,106.13690000000001
2023-10-27,106.57900000000001
2023-10-26,106.62270000000001
2023-10-25,106.55789999999999
2023-10-24,106.2683
2023-10-23,105.59769999999999
2023-10-20,106.15540000000001
2023-10-19,106.2305
2023-10-18,106.56830000000001
2023-10-17,106.18820000000001
2023-10-16,106.1957
2023-10-13,106.6767
2023-10-12,106.5804
2023-10-11,105.7137
2023-10-10,105.7727
2023-10-09,106.07260000000001
2023-10-06,106.10709999999999
2023-10-05,106.3383
2023-10-04,106.7994
2023-10-03,107.07400000000001
2023-10-02,107.0315
2023-09-29,106.1919
2023-09-28,106.13459999999999
2023-09-27,106.70509999999999
2023-09-26,106.1786
2023-09-25,105.9485
2023-09-22,105.60979999999999
2023-09-21,105.3811
2023-09-20,105.35789999999999
2023-09-19,105.15019999999998
2023-09-18,105.0795
2023-09-15,105.3359
2023-09-14,105.34469999999999
2023-09-13,104.7748
2023-09-12,104.5706
2023-09-11,104.5399
2023-09-08,105.065
2023-09-07,105.05969999999999
2023-09-06,104.8371
2023-09-05,104.7968
2023-09-04,104.12030000000001
2023-09-01,104.2755
2023-08-31,103.62790000000001
2023-08-30,103.1659
2023-08-29,103.4681
2023-08-28,104.0093
2023-08-25,104.19390000000001
2023-08-24,103.9865
2023-08-23,103.3763
2023-08-22,103.6001
2023-08-21,103.3344
2023-08-18,103.4433
2023-08-17,103.42280000000001
2023-08-16,103.4449
2023-08-15,103.2066
2023-08-14,103.1633
2023-08-11,102.877
2023-08-10,102.6391
2023-08-09,102.50319999999999
2023-08-08,102.53670000000001
2023-08-07,102.0731
2023-08-04,102.0037
2023-08-03,102.47890000000001
2023-08-02,102.6348
2023-08-01,102.21249999999999
2023-07-31,101.8784
2023-07-28,101.713
2023-07-27,101.76
2023-07-26,101.02759999999999
2023-07-25,101.2675
2023-07-24,101.3905
2023-07-21,101.08569999999999
2023-07-20,100.82740000000001
2023-07-19,100.28909999999999
2023-07-18,99.94470000000001
2023-07-17,99.8982
2023-07-14,99.9633
2023-07-13,99.7569
2023-07-12,100.5948
2023-07-11,101.65090000000001
2023-07-10,101.9527
2023-07-07,102.22543
2023-07-06,103.1126
2023-07-05,103.36099999999999
2023-07-04,103.10419999999999
2023-07-03,102.973
2023-06-30,103.3788
2023-06-29,103.3788
2023-06-28,102.9984
2023-06-27,102.50800000000001
2023-06-26,102.7006
2023-06-23,102.88170000000001
2023-06-22,102.4009
2023-06-21,102.08590000000001
2023-06-20,102.53940000000001
2023-06-19,102.4969
2023-06-16,102.31530000000001
2023-06-15,102.1415
2023-06-14,103.0139
2023-06-13,103.28850000000001
2023-06-12,103.62750000000001
2023-06-09,103.55619999999999
2023-06-08,103.3204
2023-06-07,104.1241
2023-06-06,104.1508
2023-06-05,104.01150000000001
2023-06-02,104.04599999999999
2023-06-01,103.5515
2023-05-31,104.2208
2023-05-30,104.04939999999999
2023-05-29,104.2907
2023-05-26,104.21340000000001
2023-05-25,104.2269
2023-05-24,103.9102
2023-05-23,103.5299
2023-05-22,103.2461
2023-05-19,103.19210000000001
2023-05-18,103.5529
2023-05-17,102.8832
2023-05-16,102.6049
2023-05-15,102.4377
2023-05-12,102.704
2023-05-11,102.0789
2023-05-10,101.4375
2023-05-09,101.6549
2023-05-08,101.39080000000001
2023-05-05,101.29039999999999
2023-05-04,101.4337
2023-05-03,101.2728
2023-05-02,101.95349999999999
2023-05-01,102.10069999999999
2023-04-28,101.66449999999999
2023-04-27,101.4812
2023-04-26,101.4453
2023-04-25,101.84759999999999
2023-04-24,101.3411
2023-04-21,101.72010000000002
2023-04-20,101.78790000000001
2023-04-19,101.94999999999999
2023-04-18,101.7368
2023-04-17,102.10410000000002
2023-04-14,101.5775
2023-04-13,101.0148
2023-04-12,101.5297
2023-04-11,102.15129999999999
2023-04-10,102.55290000000001
2023-04-07,102.1053
2023-04-06,101.9172
2023-04-05,101.89589999999998
2023-04-04,101.57879999999999
2023-04-03,102.0654
2023-03-31,102.59700000000001
2023-03-30,102.1786
2023-03-29,102.6526
2023-03-28,102.422
2023-03-27,102.84440000000001
2023-03-24,103.10600000000001
2023-03-23,102.6068
2023-03-22,102.5608
2023-03-21,103.2197
2023-03-20,103.2992
2023-03-17,103.8637
2023-03-16,104.44720000000001
2023-03-15,104.7549
2023-03-14,103.6712
2023-03-13,103.6186
2023-03-10,104.6502
2023-03-09,105.24319999999999
2023-03-08,105.6928
2023-03-07,105.6286
2023-03-06,104.26939999999999
2023-03-03,104.52879999999999
2023-03-02,104.9795
2023-03-01,104.3862
2023-02-28,104.98679999999999
2023-02-27,104.65220000000001
2023-02-24,105.2618
2023-02-23,104.6105
2023-02-22,104.5281
2023-02-21,104.2043
2023-02-20,103.89030000000001
2023-02-17,103.8812
2023-02-16,104.0246
2023-02-15,103.86200000000001
2023-02-14,103.2603
2023-02-13,103.2717
2023-02-10,103.5757
2023-02-09,103.221
2023-02-08,103.4794
2023-02-07,103.3461
2023-02-06,103.63329999999999
2023-02-03,102.99589999999999
2023-02-02,101.7478
2023-02-01,101.1547
2023-01-31,102.10369999999999
2023-01-30,102.2304
2023-01-27,101.92200000000001
2023-01-26,101.81670000000001
2023-01-25,101.64269999999999
2023-01-24,101.90809999999999
2023-01-23,102.0318
2023-01-20,101.9966
2023-01-19,102.07119999999999
2023-01-18,102.40520000000001
2023-01-17,102.38940000000001
2023-01-16,102.364
2023-01-13,102.16820000000001
2023-01-12,102.2542
2023-01-11,103.2472
2023-01-10,103.2895
2023-01-09,103.18920000000001
2023-01-06,103.90910000000001
2023-01-05,105.1228
2023-01-04,104.26689999999999
2023-01-03,104.6744
2023-01-02,103.76830000000001
2022-12-30,103.48949999999999
2022-12-29,103.9747
2022-12-28,104.5291
2022-12-27,104.2013
2022-12-26,104.16810000000001
2022-12-23,104.3235
2022-12-22,104.381
2022-12-21,104.2598
2022-12-20,103.96650000000001
2022-12-19,104.67909999999999
2022-12-16,104.84660000000001
2022-12-15,104.6057
2022-12-14,103.6286
2022-12-13,104.0158
2022-12-12,105.0116
2022-12-09,104.92569999999999
2022-12-08,104.8156
2022-12-07,105.19829999999999
2022-12-06,105.56410000000001
2022-12-05,105.272
2022-12-02,104.5098
2022-12-01,104.70360000000001
2022-11-30,105.9765
2022-11-29,106.8126
2022-11-28,106.6752
2022-11-25,106.0724
2022-11-24,105.8617
2022-11-23,106.1437
2022-11-22,107.1687
2022-11-21,107.82260000000001
2022-11-18,106.9678
2022-11-17,106.6784
2022-11-16,106.2934
2022-11-15,106.5629
2022-11-14,106.8986
2022-11-11,106.40830000000001
2022-11-10,107.8847
2022-11-09,110.4278
2022-11-08,109.6342
2022-11-07,110.1872
2022-11-04,110.7839
2022-11-03,112.98420000000002
2022-11-02,112.1193
2022-11-01,111.5609
2022-10-31,111.6036
2022-10-28,110.6763
2022-10-27,110.5894
2022-10-26,109.6982
2022-10-25,110.8775
2022-10-24,112.0087
2022-10-21,111.8505
2022-10-20,112.82730000000001
2022-10-19,112.9089
2022-10-18,112.0303
2022-10-17,112.09309999999999
2022-10-14,113.3095
2022-10-13,112.46010000000001
2022-10-12,113.2668
2022-10-11,113.29409999999999
2022-10-10,113.15710000000001
2022-10-07,112.75619999999999
2022-10-06,112.2612
2022-10-05,111.1992
2022-10-04,110.1798
2022-10-03,111.63919999999999
2022-09-30,112.1511
2022-09-29,111.96990000000001
2022-09-28,112.7177
2022-09-27,114.1596
2022-09-26,114.11460000000001
2022-09-23,113.03240000000001
2022-09-22,111.2889
2022-09-21,111.3731
2022-09-20,110.1986
2022-09-19,109.5949
2022-09-16,109.6597
2022-09-15,109.68560000000001
2022-09-14,109.64609999999999
2022-09-13,109.9188
2022-09-12,108.3076
2022-09-09,108.9655
2022-09-08,109.65279999999998
2022-09-07,109.5831
2022-09-06,110.2383
2022-09-05,109.81899999999999
2022-09-02,109.6121
2022-09-01,109.66489999999999
2022-08-31,108.6796
2022-08-30,108.8249
2022-08-29,108.7816
2022-08-26,108.85640000000001
2022-08-25,108.42530000000001
2022-08-24,108.6456
2022-08-23,108.53940000000001
2022-08-22,108.9728
2022-08-19,108.11019999999999
2022-08-18,107.517
2022-08-17,106.6483
2022-08-16,106.4602
2022-08-15,106.5155
2022-08-12,105.67880000000001
2022-08-11,105.10610000000001
2022-08-10,105.223
2022-08-09,106.3112
2022-08-08,106.38270000000001
2022-08-05,106.57140000000001
2022-08-04,105.74529999999999
2022-08-03,106.40039999999999
2022-08-02,106.3267
2022-08-01,105.3887
2022-07-29,105.8361
2022-07-28,106.16560000000001
2022-07-27,106.48610000000001
2022-07-26,107.2352
2022-07-25,106.55179999999999
2022-07-22,106.55179999999999
2022-07-21,106.56729999999999
2022-07-20,107.0345
2022-07-19,106.70890000000001
2022-07-18,107.46
2022-07-15,107.98169999999999
2022-07-14,108.63789999999999
2022-07-13,108.0452
2022-07-12,108.1571
2022-07-11,108.2193
2022-07-08,106.8951
2022-07-07,107.0716
2022-07-06,107.0829
2022-07-05,106.521
2022-07-04,105.1764
2022-07-01,105.116
2022-06-30,104.70570000000001
2022-06-29,105.11290000000001
2022-06-28,104.50009999999999
2022-06-27,103.9569
2022-06-24,104.1303
2022-06-23,104.4105
2022-06-22,104.2163
2022-06-21,104.4244
2022-06-20,104.50450000000001
2022-06-17,104.6682
2022-06-16,103.83260000000001
2022-06-15,104.86940000000001
2022-06-14,105.4807
2022-06-13,105.22770000000001
2022-06-10,104.1926
2022-06-09,103.3279
2022-06-08,102.56129999999999
2022-06-07,102.3352
2022-06-06,102.39819999999999
2022-06-03,102.1704
2022-06-02,101.77969999999999
2022-06-01,102.5679
2022-05-31,101.76789999999998
2022-05-30,101.6454
2022-05-27,101.6429
2022-05-26,101.7557
2022-05-25,102.1262
2022-05-24,101.7692
2022-05-23,102.0767
2022-05-20,103.0334
2022-05-19,102.8934
2022-05-18,103.9245
2022-05-17,103.29709999999999
2022-05-16,104.22300000000001
2022-05-13,104.4509
2022-05-12,104.7536
2022-05-11,104.02
2022-05-10,103.92779999999999
2022-05-09,103.72639999999998
2022-05-06,103.6617
2022-05-05,103.5715
2022-05-04,102.51219999999999
2022-05-03,103.4861
2022-05-02,103.6027
2022-04-29,103.2173
2022-04-28,103.6704
2022-04-27,102.9669
2022-04-26,101.73930000000001
2022-04-25,101.7435
2022-04-22,101.1233
2022-04-21,100.6273
2022-04-20,100.3037
2022-04-19,100.9863
2022-04-18,100.7877
2022-04-15,100.52010000000001
2022-04-14,100.3048
2022-04-13,99.8387
2022-04-12,100.3367
2022-04-11,99.9775
2022-04-08,99.843
2022-04-07,99.7712
2022-04-06,99.64569999999999
2022-04-05,99.4903
2022-04-04,99.01219999999999
2022-04-01,98.5709
2022-03-31,98.3618
2022-03-30,97.8297
2022-03-29,98.4257
2022-03-28,99.152
2022-03-25,98.8103
2022-03-24,98.7894
2022-03-23,98.64699999999999
2022-03-22,98.4386
2022-03-21,98.4923
2022-03-18,98.22819999999999
2022-03-17,98.01749999999998
2022-03-16,98.37549999999999
2022-03-15,98.9916
2022-03-14,99.11930000000001
2022-03-11,99.1263
2022-03-10,98.51599999999999
2022-03-09,97.96010000000001
2022-03-08,99.1289
2022-03-07,99.2599
2022-03-04,98.5113
2022-03-03,97.72670000000001
2022-03-02,97.3539
2022-03-01,97.40440000000001
2022-02-28,96.7063
2022-02-25,96.5433
2022-02-24,97.0908
2022-02-23,96.2042
2022-02-22,96.08439999999999
2022-02-21,96.1321
2022-02-18,96.1024
2022-02-17,95.82159999999999
2022-02-16,95.8266
2022-02-15,95.9863
2022-02-14,96.2789
2022-02-11,96.0309
2022-02-10,95.6799
2022-02-09,95.55879999999999
2022-02-08,95.6095
2022-02-07,95.41199999999999
2022-02-04,95.4683
2022-02-03,95.341
2022-02-02,95.9872
2022-02-01,96.253
2022-01-31,96.6369
2022-01-28,97.2135
2022-01-27,97.2288
2022-01-26,96.4886
2022-01-25,95.9975
2022-01-24,95.8958
2022-01-21,95.6317
2022-01-20,95.79480000000001
2022-01-19,95.6069
2022-01-18,95.72980000000001
2022-01-17,95.25899999999999
2022-01-14,95.1606
2022-01-13,94.88220000000001
2022-01-12,94.9984
2022-01-11,95.59570000000001
2022-01-10,95.95299999999999
2022-01-07,95.7388
2022-01-06,96.23159999999999
2022-01-05,96.1734
2022-01-04,96.2685
2022-01-03,96.21809999999999
2021-12-31,95.9701
2021-12-30,95.9701
2021-12-29,95.9059
2021-12-28,96.1703
2021-12-27,96.0724
2021-12-24,96.13269999999999
2021-12-23,96.06020000000001
2021-12-22,96.4557
2021-12-21,96.4557
2021-12-20,96.51599999999999
2021-12-17,96.6756
2021-12-16,95.99000000000001
2021-12-15,96.3421
2021-12-14,96.5608
2021-12-13,96.35289999999999
2021-12-10,96.04960000000001
2021-12-09,96.22330000000001
2021-12-08,95.9604
2021-12-07,96.3046
2021-12-06,96.27770000000001
2021-12-03,96.17150000000001
2021-12-02,96.1246
2021-12-01,96.0407
2021-11-30,95.897
2021-11-29,96.17200000000001
2021-11-26,96.064
2021-11-25,96.786
2021-11-24,96.84299999999999
2021-11-23,96.4934
2021-11-22,96.50359999999999
2021-11-19,96.0672
2021-11-18,95.54140000000001
2021-11-17,95.7991
2021-11-16,95.91159999999999
2021-11-15,95.5242
2021-11-12,95.1166
2021-11-11,95.15070000000001
2021-11-10,94.8998
2021-11-09,93.972
2021-11-08,94.0493
2021-11-05,94.22409999999999
2021-11-04,94.3281
2021-11-03,93.86710000000001
2021-11-02,94.107
2021-11-01,93.8717
2021-10-29,94.1408
2021-10-28,93.36059999999999
2021-10-27,93.8649
2021-10-26,93.95909999999999
2021-10-25,93.83930000000001
2021-10-22,93.6116
2021-10-21,93.7562
2021-10-20,93.6112
2021-10-19,93.77969999999999
2021-10-18,93.95909999999999
2021-10-15,93.9657
2021-10-14,93.9823
2021-10-13,94.0244
2021-10-12,94.5196
2021-10-11,94.3669
2021-10-08,94.1027
2021-10-07,94.2227
2021-10-06,94.2243
2021-10-05,93.9797
2021-10-04,93.81819999999999
2021-10-01,94.0747
2021-09-30,94.2638
2021-09-29,94.3703
2021-09-28,93.7215
2021-09-27,93.42269999999999
2021-09-24,93.271
2021-09-23,93.09870000000001
2021-09-22,93.47630000000001
2021-09-21,93.2172
2021-09-20,93.2498
2021-09-17,93.2563
2021-09-16,92.8677
2021-09-15,92.4895
2021-09-14,92.6639
2021-09-13,92.6151
2021-09-10,92.63980000000001
2021-09-09,92.5094
2021-09-08,92.7157
2021-09-07,92.5393
2021-09-06,92.2235
2021-09-03,92.1331
2021-09-02,92.21669999999999
2021-09-01,92.5027
2021-08-31,92.654
2021-08-30,92.7007
2021-08-27,92.7007
2021-08-26,93.05850000000001
2021-08-25,92.822
2021-08-24,92.884
2021-08-23,92.9875
2021-08-20,93.4571
2021-08-19,93.5586
2021-08-18,93.157
2021-08-17,93.1443
2021-08-16,92.6184
2021-08-13,92.5226
2021-08-12,93.025
2021-08-11,92.91749999999999
2021-08-10,93.0629
2021-08-09,92.97659999999999
2021-08-06,92.7824
2021-08-05,92.2726
2021-08-04,92.2753
2021-08-03,92.0668
2021-08-02,92.0886
2021-07-30,92.1032
2021-07-29,91.90769999999999
2021-07-28,92.2871
2021-07-27,92.4901
2021-07-26,92.6325
2021-07-23,92.9084
2021-07-22,92.8377
2021-07-21,92.7903
2021-07-20,92.9695
2021-07-19,92.83269999999999
2021-07-16,92.7143
2021-07-15,92.5861
2021-07-14,92.3701
2021-07-13,92.7873
2021-07-12,92.24
2021-07-09,92.10119999999999
2021-07-08,92.37570000000001
2021-07-07,92.72059999999999
2021-07-06,92.5395
2021-07-05,92.25659999999999
2021-07-02,92.2452
2021-07-01,92.5361
2021-06-30,92.3671
2021-06-29,92.0941
2021-06-28,91.87950000000001
2021-06-25,91.8057
2021-06-24,91.81530000000001
2021-06-23,91.8138
2021-06-22,91.7193
2021-06-21,91.8554
2021-06-18,92.32169999999999
2021-06-17,91.90960000000001
2021-06-16,91.4019
2021-06-15,90.52199999999999
2021-06-14,90.5077
2021-06-11,90.5093
2021-06-10,90.0465
2021-06-09,90.1324
2021-06-08,90.1144
2021-06-07,89.9816
2021-06-04,90.1393
2021-06-03,90.49499999999999
2021-06-02,89.8985
2021-06-01,89.9314
2021-05-31,89.8467
2021-05-28,90.0547
2021-05-27,90.00150000000001
2021-05-26,90.0576
2021-05-25,89.66850000000001
2021-05-24,89.83630000000001
2021-05-21,90.0432
2021-05-20,89.7602
2021-05-19,90.1828
2021-05-18,89.795
2021-05-17,90.2163
2021-05-14,90.3094
2021-05-13,90.73700000000001
2021-05-12,90.8033
2021-05-11,90.1777
2021-05-10,90.3102
2021-05-07,90.2395
2021-05-06,90.8715
2021-05-05,91.267
2021-05-04,91.2831
2021-05-03,90.96979999999999
2021-04-30,91.2985
2021-04-29,90.6555
2021-04-28,90.6064
2021-04-27,90.8749
2021-04-26,90.84049999999999
2021-04-23,90.8295
2021-04-22,91.2774
2021-04-21,91.1151
2021-04-20,91.1943
2021-04-19,91.0992
2021-04-16,91.5363
2021-04-15,91.6795
2021-04-14,91.6507
2021-04-13,91.84440000000001
2021-04-12,92.10650000000001
2021-04-09,92.1766
2021-04-08,92.0645
2021-04-07,92.4201
2021-04-06,92.2895
2021-04-05,92.5911
2021-04-02,92.99770000000001
2021-04-01,92.8963
2021-03-31,93.1839
2021-03-30,93.286
2021-03-29,92.9354
2021-03-26,92.7252
2021-03-25,92.8846
2021-03-24,92.5886
2021-03-23,92.3527
2021-03-22,91.8031
2021-03-19,91.9493
2021-03-18,91.8283
2021-03-17,91.9738
2021-03-16,91.8752
2021-03-15,91.8032
2021-03-12,91.6676
2021-03-11,91.41720000000001
2021-03-10,91.7818
2021-03-09,91.9696
2021-03-08,92.40740000000001
2021-03-05,91.997
2021-03-04,91.61410000000001
2021-03-03,90.9909
2021-03-02,90.7646
2021-03-01,91.0173
2021-02-26,90.9399
2021-02-25,90.2149
2021-02-24,90.0435
2021-02-23,90.1173
2021-02-22,90.0869
2021-02-19,90.3398
2021-02-18,90.5555
2021-02-17,90.91460000000001
2021-02-16,90.5987
2021-02-15,90.3644
2021-02-12,90.4443
2021-02-11,90.40379999999999
2021-02-10,90.4287
2021-02-09,90.44
2021-02-08,90.9682
2021-02-05,90.9921
2021-02-04,91.5513
2021-02-03,91.11290000000001
2021-02-02,91.0431
2021-02-01,91.0272
2021-01-29,90.53819999999999
2021-01-28,90.54050000000001
2021-01-27,90.5917
2021-01-26,90.18690000000001
2021-01-25,90.351
2021-01-22,90.2112
2021-01-21,90.0839
2021-01-20,90.46010000000001
2021-01-19,90.48819999999999
2021-01-18,90.77159999999999
2021-01-15,90.79
2021-01-14,90.25
2021-01-13,90.32
2021-01-12,90.04
2021-01-11,90.55
2021-01-08,90.0651
2021-01-07,89.827
2021-01-06,89.41669999999999
2021-01-05,89.4754
2021-01-04,89.87780000000001
2020-12-31,89.9583
2020-12-30,89.6001
2020-12-29,90.00399999999999
2020-12-28,90.28410000000001
2020-12-25,90.3331
2020-12-24,90.3026
2020-12-23,90.3475
2020-12-22,90.6334
2020-12-21,90.0816
2020-12-18,89.92
2020-12-17,89.77
2020-12-16,90.22
2020-12-15,90.5843
2020-12-14,90.7283
2020-12-11,90.9743
2020-12-10,90.7779
2020-12-09,91.0342
2020-12-08,90.9495
2020-12-07,90.86500000000001
2020-12-04,90.8034
2020-12-03,90.67490000000001
2020-12-02,91.0183
2020-12-01,91.18010000000001
2020-11-30,92.033
2020-11-27,91.7845
2020-11-26,92.0194
2020-11-25,92.0138
2020-11-24,92.1403
2020-11-23,92.5197
2020-11-20,92.3912
2020-11-19,92.3035
2020-11-18,92.4043
2020-11-17,92.4564
2020-11-16,92.5551
2020-11-13,92.7279
2020-11-12,92.9748
2020-11-11,93.0081
2020-11-10,92.72
2020-11-09,92.8361
2020-11-06,92.3246
2020-11-05,92.58330000000001
2020-11-04,93.442
2020-11-03,93.4093
2020-11-02,94.0506
2020-10-30,94.0175
2020-10-29,93.9325
2020-10-28,93.4498
2020-10-27,93.0389
2020-10-26,93.0667
2020-10-23,92.7367
2020-10-22,92.9446
2020-10-21,92.6577
2020-10-20,93.1005
2020-10-19,93.42309999999999
2020-10-16,93.70639999999999
2020-10-15,93.7954
2020-10-14,93.42
2020-10-13,93.53359999999999
2020-10-12,93.0443
2020-10-09,93.0109
2020-10-08,93.6012
2020-10-07,93.6403
2020-10-06,93.8352
2020-10-05,93.4594
2020-10-02,93.8073
2020-10-01,93.7081
2020-09-30,93.848
2020-09-29,93.8597
2020-09-28,94.2656
2020-09-25,94.58709999999999
2020-09-24,94.3552
2020-09-23,94.3688
2020-09-22,93.9739
2020-09-21,93.5296
2020-09-18,93.0081
2020-09-17,92.9098
2020-09-16,93.1108
2020-09-15,93.0933
2020-09-14,93.0748
2020-09-11,93.2511
2020-09-10,93.3956
2020-09-09,93.2478
2020-09-08,93.5006
2020-09-07,93.06230000000001
2020-09-04,92.8208
2020-09-03,92.7687
2020-09-02,92.6407
2020-09-01,92.3205
2020-08-31,92.1711
2020-08-28,92.2833
2020-08-27,93.0114
2020-08-26,92.8985
2020-08-25,93.0093
2020-08-24,93.3056
2020-08-21,93.2062
2020-08-20,92.7612
2020-08-19,93.0313
2020-08-18,92.32130000000001
2020-08-17,92.8361
2020-08-14,93.09949999999999
2020-08-13,93.247
2020-08-12,93.4328
2020-08-11,93.6583
2020-08-10,93.6157
2020-08-07,93.41329999999999
2020-08-06,92.7899
2020-08-05,92.839
2020-08-04,93.2411
2020-08-03,93.5238
2020-07-31,93.4841
2020-07-30,92.9366
2020-07-29,93.2803
2020-07-28,93.76549999999999
2020-07-27,93.6508
2020-07-24,94.34700000000001
2020-07-23,94.7841
2020-07-22,94.9758
2020-07-21,95.18199999999999
2020-07-20,95.7972
2020-07-17,96.014
2020-07-16,96.3048
2020-07-15,96.0418
2020-07-14,96.2365
2020-07-13,96.55860000000001
2020-07-10,96.6719
2020-07-09,96.8028
2020-07-08,96.4959
2020-07-07,96.97130000000001
2020-07-06,96.7759
2020-07-03,97.18459999999999
2020-07-02,97.2151
2020-07-01,97.16199999999999
2020-06-30,97.3841
2020-06-29,97.4605
2020-06-26,97.499
2020-06-25,97.3943
2020-06-24,97.2286
2020-06-23,96.6879
2020-06-22,97.05170000000001
2020-06-19,97.68419999999999
2020-06-18,97.4554
2020-06-17,97.0671
2020-06-16,97.00299999999999
2020-06-15,96.662
2020-06-12,97.10119999999999
2020-06-11,96.762
2020-06-10,96.09230000000001
2020-06-09,96.3851
2020-06-08,96.6976
2020-06-05,96.9357
2020-06-04,96.76299999999999
2020-06-03,97.3181
2020-06-02,97.6722
2020-06-01,97.8111
2020-05-29,98.2628
2020-05-28,98.4743
2020-05-27,98.959
2020-05-26,98.9978
2020-05-25,99.79100000000001
2020-05-22,99.7794
2020-05-21,99.4148
2020-05-20,99.1809
2020-05-19,99.56680000000001
2020-05-18,99.63470000000001
2020-05-15,100.3774
2020-05-14,100.2835
2020-05-13,100.2228
2020-05-12,100.0071
2020-05-11,100.2242
2020-05-08,99.7539
2020-05-07,99.8327
2020-05-06,100.1789
2020-05-05,99.84009999999999
2020-05-04,99.49799999999999
2020-05-01,99.05359999999999
2020-04-30,99.0167
2020-04-29,99.5183
2020-04-28,99.9769
2020-04-27,100.04650000000001
2020-04-24,100.2433
2020-04-23,100.50389999999999
2020-04-22,100.3417
2020-04-21,100.2257
2020-04-20,99.9676
2020-04-17,99.71770000000001
2020-04-16,100.07199999999999
2020-04-15,99.5956
2020-04-14,98.8832
2020-04-13,99.4842
2020-04-10,99.5179
2020-04-09,99.5416
2020-04-08,99.9657
2020-04-07,99.9657
2020-04-06,100.79910000000001
2020-04-03,100.6305
2020-04-02,100.10059999999999
2020-04-01,98.9506
2020-03-31,98.9636
2020-03-30,99.0275
2020-03-27,98.3187
2020-03-26,99.41300000000001
2020-03-25,100.9413
2020-03-24,101.7874
2020-03-23,102.4528
2020-03-20,102.3871
2020-03-19,102.6881
2020-03-18,100.88170000000001
2020-03-17,99.5935
2020-03-16,97.9874
2020-03-13,98.48880000000001
2020-03-12,97.44500000000001
2020-03-11,96.5755
2020-03-10,96.5565
2020-03-09,95.0586
2020-03-06,96.1128
2020-03-05,96.573
2020-03-04,97.3672
2020-03-03,97.18209999999999
2020-03-02,97.5708
2020-02-28,98.13300000000001
2020-02-27,98.41099999999999
2020-02-26,99.15939999999999
2020-02-25,98.97510000000001
2020-02-24,99.2897
2020-02-21,99.34859999999999
2020-02-20,99.88889999999999
2020-02-19,99.6263
2020-02-18,99.4665
2020-02-17,99.1572
2020-02-14,99.1588
2020-02-13,99.1056
2020-02-12,99.00229999999999
2020-02-11,98.77239999999999
2020-02-10,98.8607
2020-02-07,98.7084
2020-02-06,98.4534
2020-02-05,98.25999999999999
2020-02-04,97.9518
2020-02-03,97.82010000000001
2020-01-31,97.36139999999999
2020-01-30,97.8687
2020-01-29,98.04060000000001
2020-01-28,97.9614
2020-01-27,97.94120000000001
2020-01-24,97.8876
2020-01-23,97.67779999999999
2020-01-22,97.5046
2020-01-21,97.6114
2020-01-20,97.60109999999999
2020-01-17,97.64030000000001
2020-01-16,97.3102
2020-01-15,97.22359999999999
2020-01-14,97.3956
2020-01-13,97.3856
2020-01-10,97.3752
2020-01-09,97.43489999999998
2020-01-08,97.3401
2020-01-07,96.9601
2020-01-06,96.6302
2020-01-03,96.88709999999999
2020-01-02,96.8077
2020-01-01,96.5195
2019-12-31,96.4481
2019-12-30,96.7771
2019-12-27,97.0017
2019-12-26,97.5936
2019-12-25,97.6557
2019-12-24,97.6764
2019-12-23,97.6722
2019-12-20,97.6901
2019-12-19,97.4091
2019-12-18,97.42219999999999
2019-12-17,97.183
2019-12-16,97.05470000000001
2019-12-13,97.1841
2019-12-12,97.2845
2019-12-11,97.1558
2019-12-10,97.48249999999999
2019-12-09,97.655
2019-12-06,97.6866
2019-12-05,97.3884
2019-12-04,97.61959999999999
2019-12-03,97.74529999999999
2019-12-02,97.8652
2019-11-29,98.28040000000001
2019-11-28,98.3369
2019-11-27,98.3855
2019-11-26,98.25729999999999
2019-11-25,98.2882
2019-11-22,98.28370000000001
2019-11-21,97.9869
2019-11-20,97.90620000000001
2019-11-19,97.84129999999999
2019-11-18,97.8205
2019-11-15,98.0039
2019-11-14,98.15540000000001
2019-11-13,98.33840000000001
2019-11-12,98.3494
2019-11-11,98.216
2019-11-08,98.39189999999999
2019-11-07,98.1317
2019-11-06,97.9644
2019-11-05,97.91409999999999
2019-11-04,97.5396
2019-11-01,97.217
2019-10-31,97.3133
2019-10-30,97.4695
2019-10-29,97.6833
2019-10-28,97.74950000000001
2019-10-25,97.84469999999999
2019-10-24,97.6695
2019-10-23,97.47720000000001
2019-10-22,97.5334
2019-10-21,97.32360000000001
2019-10-18,97.2032
2019-10-17,97.5847
2019-10-16,98.0165
2019-10-15,98.3012
2019-10-14,98.461
2019-10-11,98.33999999999999
2019-10-10,98.7139
2019-10-09,99.1316
2019-10-08,99.1214
2019-10-07,98.9891
2019-10-04,98.8496
2019-10-03,98.9542
2019-10-02,99.02799999999999
2019-10-01,99.1588
2019-09-30,99.40209999999999
2019-09-27,99.11099999999999
2019-09-26,99.206
2019-09-25,99.04379999999999
2019-09-24,98.3339
2019-09-23,98.6343
2019-09-20,98.47789999999999
2019-09-19,98.3674
2019-09-18,98.5757
2019-09-17,98.2172
2019-09-16,98.6328
2019-09-13,98.2038
2019-09-12,98.3636
2019-09-11,98.6267
2019-09-10,98.3749
2019-09-09,98.3237
2019-09-06,98.4188
2019-09-05,98.39819999999999
2019-09-04,98.4002
2019-09-03,98.9535
2019-09-02,99.0527
2019-08-30,98.83659999999999
2019-08-29,98.4574
2019-08-28,98.24180000000001
2019-08-27,98.0177
2019-08-26,98.0482
2019-08-23,97.652
2019-08-22,98.2136
2019-08-21,98.2978
2019-08-20,98.1593
2019-08-19,98.3806
2019-08-16,98.2049
2019-08-15,98.0978
2019-08-14,97.9925
2019-08-13,97.83630000000001
2019-08-12,97.41799999999999
2019-08-09,97.571
2019-08-08,97.6605
2019-08-07,97.64040000000001
2019-08-06,97.60799999999999
2019-08-05,97.5065
2019-08-02,98.0843
2019-08-01,98.36970000000001
2019-07-31,98.5667
2019-07-30,98.07270000000001
2019-07-29,98.0549
2019-07-26,97.9996
2019-07-25,97.7953
2019-07-24,97.6896
2019-07-23,97.7003
2019-07-22,97.2795
2019-07-19,97.1245
2019-07-18,96.705
2019-07-17,97.2121
2019-07-16,97.376
2019-07-15,96.94829999999999
2019-07-12,96.8225
2019-07-11,97.0721
2019-07-10,97.1326
2019-07-09,97.49799999999999
2019-07-08,97.3728
2019-07-05,97.2614
2019-07-04,96.72810000000001
2019-07-03,96.77879999999999
2019-07-02,96.7702
2019-07-01,96.8288
2019-06-28,96.193
2019-06-27,96.2102
2019-06-26,96.2205
2019-06-25,96.18860000000001
2019-06-24,95.9843
2019-06-21,96.202
2019-06-20,96.6437
2019-06-19,97.26
2019-06-18,97.64639999999999
2019-06-17,97.557
2019-06-14,97.5614
2019-06-13,97.04129999999999
2019-06-12,97.0029
2019-06-11,96.7189
2019-06-10,96.78549999999998
2019-06-07,96.59100000000001
2019-06-06,97.0232
2019-06-05,97.36059999999999
2019-06-04,97.1364
2019-06-03,97.23629999999999
2019-05-31,97.77399999999999
2019-05-30,98.1825
2019-05-29,98.1732
2019-05-28,97.9751
2019-05-27,97.7507
2019-05-24,97.60210000000001
2019-05-23,97.87400000000001
2019-05-22,98.1173
2019-05-21,98.04
2019-05-20,97.9454
2019-05-17,98.0264
2019-05-16,97.8354
2019-05-15,97.58890000000001
2019-05-14,97.5378
2019-05-13,97.3815
2019-05-10,97.33559999999999
2019-05-09,97.463
2019-05-08,97.6226
2019-05-07,97.56559999999999
2019-05-06,97.5324
2019-05-03,97.4619
2019-05-02,97.84540000000001
2019-05-01,97.6534
2019-04-30,97.5235
2019-04-29,97.8394
2019-04-26,98.03299999999999
2019-04-25,98.1789
2019-04-24,98.09049999999999
2019-04-23,97.5748
2019-04-22,97.29560000000001
2019-04-19,97.375
2019-04-18,97.4526
2019-04-17,97.0334
2019-04-16,97.0847
2019-04-15,96.937
2019-04-12,96.94910000000002
2019-04-11,97.2004
2019-04-10,96.93090000000001
2019-04-09,97.0363
2019-04-08,97.0592
2019-04-05,97.41569999999999
2019-04-04,97.3158
2019-04-03,97.1373
2019-04-02,97.29339999999999
2019-04-01,97.2437
2019-03-29,97.2456
2019-03-28,97.2479
2019-03-27,96.9658
2019-03-26,96.82339999999999
2019-03-25,96.53529999999999
2019-03-22,96.60660000000001
2019-03-21,96.3545
2019-03-20,96.0136
2019-03-19,96.4032
2019-03-18,96.50079999999998
2019-03-15,96.5434
2019-03-14,96.75710000000001
2019-03-13,96.4689
2019-03-12,97.008
2019-03-11,97.1805
2019-03-08,97.3722
2019-03-07,97.61200000000001
2019-03-06,96.8877
2019-03-05,96.8389
2019-03-04,96.6204
2019-03-01,96.4637
2019-02-28,96.22179999999999
2019-02-27,96.1537
2019-02-26,96.0739
2019-02-25,96.439
2019-02-22,96.5418
2019-02-21,96.61909999999999
2019-02-20,96.55890000000001
2019-02-19,96.5187
2019-02-18,96.8024
2019-02-15,96.9181
2019-02-14,97.0177
2019-02-13,97.19030000000001
2019-02-12,96.7336
2019-02-11,97.0593
2019-02-08,96.63799999999999
2019-02-07,96.5849
2019-02-06,96.4194
2019-02-05,96.08810000000001
2019-02-04,95.8244
2019-02-01,95.61
2019-01-31,95.5533
2019-01-30,95.42779999999999
2019-01-29,95.8337
2019-01-28,95.7562
2019-01-25,95.81930000000001
2019-01-24,96.54690000000001
2019-01-23,96.1397
2019-01-22,96.3232
2019-01-21,96.3519
2019-01-18,96.36939999999998
2019-01-17,96.0801
2019-01-16,96.10440000000001
2019-01-15,95.952
2019-01-14,95.59729999999999
2019-01-11,95.6584
2019-01-10,95.5394
2019-01-09,95.2032
2019-01-08,95.9168
2019-01-07,95.69510000000001
2019-01-04,96.2149
2019-01-03,96.2734
2019-01-02,96.78250000000001
2019-01-01,96.1223
2018-12-31,96.0741
2018-12-28,96.3738
2018-12-27,96.58500000000001
2018-12-26,97.0593
2018-12-25,96.6675
2018-12-24,96.5814
2018-12-21,96.9549
2018-12-20,96.4473
2018-12-19,97.02640000000001
2018-12-18,97.0587
2018-12-17,97.1349
2018-12-14,97.4449
2018-12-13,97.0971
2018-12-12,97.0508
2018-12-11,97.4722
2018-12-10,97.2071
2018-12-07,96.7226
2018-12-06,96.77159999999999
2018-12-05,97.0312
2018-12-04,96.9723
2018-12-03,96.9673
2018-11-30,97.1997
2018-11-29,96.7661
2018-11-28,96.8641
2018-11-27,97.35119999999999
2018-11-26,97.08370000000001
2018-11-23,96.9526
2018-11-22,96.4915
2018-11-21,96.73759999999999
2018-11-20,96.8155
2018-11-19,96.2076
2018-11-16,96.4179
2018-11-15,97.0715
2018-11-14,97.04419999999999
2018-11-13,97.14410000000001
2018-11-12,97.6889
2018-11-09,96.9083
2018-11-08,96.6624
2018-11-07,96.19460000000001
2018-11-06,96.23179999999999
2018-11-05,96.34649999999999
2018-11-02,96.5097
2018-11-01,96.2899
2018-10-31,97.1301
2018-10-30,96.99170000000001
2018-10-29,96.6906
2018-10-26,96.407
2018-10-25,96.59380000000002
2018-10-24,96.43100000000001
2018-10-23,95.94659999999999
2018-10-22,96.03339999999999
2018-10-19,95.66680000000001
2018-10-18,95.9724
2018-10-17,95.6375
2018-10-16,95.08239999999999
2018-10-15,95.07029999999999
2018-10-12,95.2616
2018-10-11,95.02900000000001
2018-10-10,95.5296
2018-10-09,95.70949999999999
2018-10-08,95.7697
2018-10-05,95.6546
2018-10-04,95.76389999999999
2018-10-03,96.03609999999999
2018-10-02,95.4888
2018-10-01,95.2898
2018-09-28,95.1904
2018-09-27,94.9888
2018-09-26,94.3075
2018-09-25,94.154
2018-09-24,94.2622
2018-09-21,94.2118
2018-09-20,93.9024
2018-09-19,94.5516
2018-09-18,94.63829999999999
2018-09-17,94.52000000000001
2018-09-14,94.97659999999999
2018-09-13,94.5379
2018-09-12,94.84740000000001
2018-09-11,95.0799
2018-09-10,95.16420000000001
2018-09-07,95.4137
2018-09-06,95.0357
2018-09-05,95.11479999999999
2018-09-04,95.43489999999998
2018-09-03,95.1228
2018-08-31,95.12129999999999
2018-08-30,94.6792
2018-08-29,94.54
2018-08-28,94.71499999999999
2018-08-27,94.7774
2018-08-24,95.17370000000001
2018-08-23,95.636
2018-08-22,95.09819999999999
2018-08-21,95.25569999999999
2018-08-20,95.7935
2018-08-17,96.12360000000001
2018-08-16,96.5895
2018-08-15,96.72109999999999
2018-08-14,96.6668
2018-08-13,96.2934
2018-08-10,96.32900000000001
2018-08-09,95.6187
2018-08-08,95.1103
2018-08-07,95.1809
2018-08-06,95.37089999999999
2018-08-03,95.2173
2018-08-02,95.17670000000001
2018-08-01,94.67029999999998
2018-07-31,94.5372
2018-07-30,94.2849
2018-07-27,94.6902
2018-07-26,94.7715
2018-07-25,94.2175
2018-07-24,94.5978
2018-07-23,94.6368
2018-07-20,94.47220000000002
2018-07-19,95.1939
2018-07-18,95.1047
2018-07-17,94.9727
2018-07-16,94.5135
2018-07-13,94.7016
2018-07-12,94.80810000000001
2018-07-11,94.7371
2018-07-10,94.1122
2018-07-09,94.07300000000001
2018-07-06,94.0193
2018-07-05,94.3866
2018-07-04,94.5441
2018-07-03,94.5893
2018-07-02,94.854
2018-06-29,94.5183
2018-06-28,95.2788
2018-06-27,95.3278
2018-06-26,94.67649999999999
2018-06-25,94.299
2018-06-22,94.54560000000001
2018-06-21,94.8833
2018-06-20,95.1234
2018-06-19,95.0029
2018-06-18,94.7543
2018-06-15,94.8066
2018-06-14,94.92639999999999
2018-06-13,93.5677
2018-06-12,93.83409999999999
2018-06-11,93.58409999999999
2018-06-08,93.5504
2018-06-07,93.4379
2018-06-06,93.6355
2018-06-05,93.87480000000001
2018-06-04,94.0243
2018-06-01,94.1982
2018-05-31,93.9859
2018-05-30,94.0998
2018-05-29,94.8624
2018-05-28,94.42020000000001
2018-05-25,94.2705
2018-05-24,93.7907
2018-05-23,93.99759999999999
2018-05-22,93.6027
2018-05-21,93.5508
2018-05-18,93.6896
2018-05-17,93.4842
2018-05-16,93.3775
2018-05-15,93.2779
2018-05-14,92.68260000000001
2018-05-11,92.57690000000001
2018-05-10,92.7175
2018-05-09,93.1134
2018-05-08,93.0814
2018-05-07,92.7726
2018-05-04,92.581
2018-05-03,92.4228
2018-05-02,92.7494
2018-05-01,92.47109999999999
2018-04-30,91.8378
2018-04-27,91.511
2018-04-26,91.58449999999999
2018-04-25,91.2584
2018-04-24,90.7981
2018-04-23,90.9279
2018-04-20,90.3313
2018-04-19,89.8928
2018-04-18,89.6321
2018-04-17,89.5012
2018-04-16,89.4372
2018-04-13,89.80499999999999
2018-04-12,89.7856
2018-04-11,89.52420000000001
2018-04-10,89.62129999999999
2018-04-09,89.8399
2018-04-06,90.1366
2018-04-05,90.4383
2018-04-04,90.1421
2018-04-03,90.1819
2018-04-02,90.0335
2018-03-30,89.9829
2018-03-29,90.0937
2018-03-28,90.0856
2018-03-27,89.3451
2018-03-26,89.0738
2018-03-23,89.5147
2018-03-22,89.8605
2018-03-21,89.708
2018-03-20,90.4277
2018-03-19,89.9199
2018-03-16,90.18990000000001
2018-03-15,90.1284
2018-03-14,89.766
2018-03-13,89.7235
2018-03-12,89.9221
2018-03-09,90.1342
2018-03-08,90.1302
2018-03-07,89.5903
2018-03-06,89.5933
2018-03-05,89.9968
2018-03-02,89.9991
2018-03-01,90.2646
2018-02-28,90.66929999999999
2018-02-27,90.379
2018-02-26,89.871
2018-02-23,89.8892
2018-02-22,89.7418
2018-02-21,90.1088
2018-02-20,89.718
2018-02-19,89.2083
2018-02-16,89.13329999999999
2018-02-15,88.5685
2018-02-14,89.0168
2018-02-13,89.7212
2018-02-12,90.1347
2018-02-09,90.3347
2018-02-08,90.30330000000001
2018-02-07,90.3016
2018-02-06,89.6655
2018-02-05,89.6852
2018-02-02,89.1901
2018-02-01,88.6486
2018-01-31,89.1201
2018-01-30,89.1844
2018-01-29,89.3578
2018-01-26,89.0205
2018-01-25,89.3528
2018-01-24,89.2033
2018-01-23,90.0919
2018-01-22,90.3726
2018-01-19,90.7025
2018-01-18,90.5232
2018-01-17,90.8823
2018-01-16,90.4671
2018-01-15,90.4354
2018-01-12,90.86149999999999
2018-01-11,91.9163
2018-01-10,92.3791
2018-01-09,92.5063
2018-01-08,92.3351
2018-01-05,92.02680000000001
2018-01-04,91.8691
2018-01-03,92.1708
2018-01-02,91.86160000000001
2018-01-01,92.2574
2017-12-29,92.2574
2017-12-28,92.6468
2017-12-27,93.07419999999999
2017-12-26,93.28699999999999
2017-12-25,93.24369999999999
2017-12-22,93.2987
2017-12-21,93.2662
2017-12-20,93.3607
2017-12-19,93.4576
2017-12-18,93.7026
2017-12-15,93.9475
2017-12-14,93.629
2017-12-13,93.42660000000001
2017-12-12,94.066
2017-12-11,93.9567
2017-12-08,93.87219999999999
2017-12-07,93.7786
2017-12-06,93.57029999999999
2017-12-05,93.3116
2017-12-04,93.0878
2017-12-01,92.8789
2017-11-30,93.0139
2017-11-29,93.2756
2017-11-28,93.2754
2017-11-27,92.923
2017-11-24,92.75269999999999
2017-11-23,93.12719999999999
2017-11-22,93.2385
2017-11-21,93.97019999999999
2017-11-20,94.0791
2017-11-17,93.68679999999999
2017-11-16,93.9119
2017-11-15,93.8102
2017-11-14,93.8166
2017-11-13,94.5013
2017-11-10,94.3822
2017-11-09,94.5085
2017-11-08,94.8489
2017-11-07,94.8989
2017-11-06,94.7371
2017-11-03,94.9225
2017-11-02,94.70960000000001
2017-11-01,94.8026
2017-10-31,94.56739999999999
2017-10-30,94.4935
2017-10-27,94.8144
2017-10-26,94.6412
2017-10-25,93.6546
2017-10-24,93.9471
2017-10-23,93.8421
2017-10-20,93.6925
2017-10-19,93.1283
2017-10-18,93.4479
2017-10-17,93.507
2017-10-16,93.2807
2017-10-13,93.0662
2017-10-12,93.10629999999999
2017-10-11,92.97789999999999
2017-10-10,93.2796
2017-10-09,93.7317
2017-10-06,93.79780000000001
2017-10-05,93.907
2017-10-04,93.4795
2017-10-03,93.59259999999999
2017-10-02,93.64059999999999
2017-09-29,93.0711
2017-09-28,93.1026
2017-09-27,93.4568
2017-09-26,92.9924
2017-09-25,92.6519
2017-09-22,92.1699
2017-09-21,92.1717
2017-09-20,92.4524
2017-09-19,91.8377
2017-09-18,92.0294
2017-09-15,91.8458
2017-09-14,92.05
2017-09-13,92.4112
2017-09-12,91.9157
2017-09-11,91.94109999999999
2017-09-08,91.3261
2017-09-07,91.5168
2017-09-06,92.24539999999999
2017-09-05,92.3102
2017-09-04,92.6314
2017-09-01,92.8562
2017-08-31,92.62429999999999
2017-08-30,92.9046
2017-08-29,92.33659999999999
2017-08-28,92.2466
2017-08-25,92.5451
2017-08-24,93.2973
2017-08-23,93.22279999999999
2017-08-22,93.499
2017-08-21,93.09100000000001
2017-08-18,93.4448
2017-08-17,93.7214
2017-08-16,93.5111
2017-08-15,93.8514
2017-08-14,93.4316
2017-08-11,93.0967
2017-08-10,93.40090000000001
2017-08-09,93.5315
2017-08-08,93.6178
2017-08-07,93.4194
2017-08-04,93.48819999999999
2017-08-03,92.8244
2017-08-02,92.8846
2017-08-01,93.0739
2017-07-31,92.8091
2017-07-28,93.3462
2017-07-27,93.9235
2017-07-26,93.4542
2017-07-25,94.0928
2017-07-24,94.0031
2017-07-21,93.9659
2017-07-20,94.271
2017-07-19,94.84710000000001
2017-07-18,94.66510000000001
2017-07-17,95.1459
2017-07-14,95.12540000000001
2017-07-13,95.781
2017-07-12,95.7885
2017-07-11,95.73630000000001
2017-07-10,96.0471
2017-07-07,96.01480000000001
2017-07-06,95.8078
2017-07-05,96.2116
2017-07-04,96.28000000000002
2017-07-03,96.1937
2017-06-30,95.63090000000001
2017-06-29,95.5782
2017-06-28,96.04899999999999
2017-06-27,96.4852
2017-06-26,97.41640000000001
2017-06-23,97.30359999999999
2017-06-22,97.5421
2017-06-21,97.5393
2017-06-20,97.7437
2017-06-19,97.53450000000001
2017-06-16,97.1413
2017-06-15,97.5066
2017-06-14,96.9185
2017-06-13,96.99889999999999
2017-06-12,97.1883
2017-06-09,97.277
2017-06-08,96.97
2017-06-07,96.72149999999999
2017-06-06,96.5493
2017-06-05,96.8166
2017-06-02,96.65780000000001
2017-06-01,97.21790000000001
2017-05-31,96.96719999999999
2017-05-30,97.2993
2017-05-29,97.47949999999999
2017-05-26,97.4092
2017-05-25,97.2128
2017-05-24,97.0466
2017-05-23,97.37140000000001
2017-05-22,96.9833
2017-05-19,97.11149999999999
2017-05-18,97.8725
2017-05-17,97.43530000000001
2017-05-16,98.21390000000001
2017-05-15,98.9346
2017-05-12,99.18580000000001
2017-05-11,99.6579
2017-05-10,99.6212
2017-05-09,99.5734
2017-05-08,99.15100000000001
2017-05-05,98.58400000000002
2017-05-04,98.75110000000001
2017-05-03,99.0878
2017-05-02,98.93249999999999
2017-05-01,99.14460000000001
2017-04-28,99.0368
2017-04-27,99.16309999999999
2017-04-26,98.97800000000001
2017-04-25,98.83720000000001
2017-04-24,99.0265
2017-04-21,99.7403
2017-04-20,99.80579999999999
2017-04-19,99.8171
2017-04-18,99.513
2017-04-17,100.3134
2017-04-14,100.5123
2017-04-13,100.58359999999999
2017-04-12,100.165
2017-04-11,100.7202
2017-04-10,101.0184
2017-04-07,101.1647
2017-04-06,100.70859999999999
2017-04-05,100.5789
2017-04-04,100.5376
2017-04-03,100.49
2017-03-31,100.54509999999999
2017-03-30,100.58130000000001
2017-03-29,99.94619999999999
2017-03-28,99.70100000000001
2017-03-27,99.2249
2017-03-24,99.7709
2017-03-23,99.74849999999999
2017-03-22,99.6992
2017-03-21,99.7274
2017-03-20,100.3544
2017-03-17,100.3413
2017-03-16,100.27050000000001
2017-03-15,100.5385
2017-03-14,101.76119999999999
2017-03-13,101.379
2017-03-10,101.3831
2017-03-09,101.9874
2017-03-08,102.11009999999999
2017-03-07,101.8206
2017-03-06,101.67530000000001
2017-03-03,101.34169999999999
2017-03-02,102.1495
2017-03-01,101.7407
2017-02-28,101.3437
2017-02-27,101.1551
2017-02-24,101.1199
2017-02-23,100.97319999999999
2017-02-22,101.3301
2017-02-21,101.4555
2017-02-20,100.9062
2017-02-17,100.88749999999999
2017-02-16,100.4815
2017-02-15,101.0881
2017-02-14,101.2211
2017-02-13,101.00380000000001
2017-02-10,100.7145
2017-02-09,100.66359999999999
2017-02-08,100.17419999999998
2017-02-07,100.4001
2017-02-06,99.878
2017-02-03,99.72609999999999
2017-02-02,99.8403
2017-02-01,99.73320000000001
2017-01-31,99.5669
2017-01-30,100.4497
2017-01-27,100.5728
2017-01-26,100.50689999999999
2017-01-25,99.934
2017-01-24,99.934
2017-01-23,100.2768
2017-01-20,100.7929
2017-01-19,101.13
2017-01-18,101.3372
2017-01-17,100.2688
2017-01-16,101.6064
2017-01-13,101.1871
2017-01-12,101.45419999999999
2017-01-11,101.73
2017-01-10,102.0389
2017-01-09,101.9569
2017-01-06,102.1866
2017-01-05,101.4003
2017-01-04,102.51070000000001
2017-01-03,103.2815
2017-01-02,102.90750000000001
2016-12-30,102.3837
2016-12-29,102.624
2016-12-28,103.29140000000001
2016-12-27,103.0346
2016-12-26,102.9391
2016-12-23,102.9873
2016-12-22,103.07589999999999
2016-12-21,103.03850000000001
2016-12-20,103.3035
2016-12-19,103.1349
2016-12-16,102.80250000000001
2016-12-15,103.15140000000001
2016-12-14,102.04100000000001
2016-12-13,101.05069999999999
2016-12-12,100.97089999999999
2016-12-09,101.5704
2016-12-08,101.09899999999999
2016-12-07,100.2326
2016-12-06,100.4803
2016-12-05,100.13280000000002
2016-12-02,100.6946
2016-12-01,100.9476
2016-11-30,101.57320000000001
2016-11-29,100.9546
2016-11-28,101.18169999999999
2016-11-25,101.49940000000001
2016-11-24,101.73889999999999
2016-11-23,101.66640000000001
2016-11-22,101.0194
2016-11-21,100.8917
2016-11-18,101.342
2016-11-17,100.95240000000001
2016-11-16,100.37849999999999
2016-11-15,100.19669999999999
2016-11-14,100.0214
2016-11-11,98.9723
2016-11-10,98.7808
2016-11-09,98.66369999999999
2016-11-08,97.87299999999999
2016-11-07,97.7372
2016-11-04,96.9016
2016-11-03,97.15969999999999
2016-11-02,97.3731
2016-11-01,97.735
2016-10-31,98.35170000000001
2016-10-28,98.30219999999998
2016-10-27,98.916
2016-10-26,98.6148
2016-10-25,98.72540000000001
2016-10-24,98.7556
2016-10-21,98.6259
2016-10-20,98.3289
2016-10-19,97.8686
2016-10-18,97.87639999999999
2016-10-17,97.87740000000001
2016-10-14,98.1056
2016-10-13,97.53500000000001
2016-10-12,98.0003
2016-10-11,97.7289
2016-10-10,96.90180000000001
2016-10-07,96.4912
2016-10-06,96.681
2016-10-05,96.14630000000001
2016-10-04,96.1234
2016-10-03,95.76119999999999
2016-09-30,95.4426
2016-09-29,95.5172
2016-09-28,95.4275
2016-09-27,95.4499
2016-09-26,95.29860000000001
2016-09-23,95.5001
2016-09-22,95.3801
2016-09-21,95.50549999999998
2016-09-20,96.0086
2016-09-19,95.85029999999999
2016-09-16,96.03349999999999
2016-09-15,95.26280000000001
2016-09-14,95.32209999999999
2016-09-13,95.5621
2016-09-12,95.1432
2016-09-09,95.3598
2016-09-08,95.01
2016-09-07,94.96300000000001
2016-09-06,94.8647
2016-09-05,95.7791
2016-09-02,95.8821
2016-09-01,95.6454
2016-08-31,95.9868
2016-08-30,96.05269999999999
2016-08-29,95.5805
2016-08-26,95.47
2016-08-25,94.72540000000001
2016-08-24,94.7748
2016-08-23,94.52579999999999
2016-08-22,94.5381
2016-08-19,94.4965
2016-08-18,94.18690000000001
2016-08-17,94.7246
2016-08-16,94.7949
2016-08-15,95.62049999999999
2016-08-12,95.7057
2016-08-11,95.93119999999999
2016-08-10,95.5912
2016-08-09,96.1306
2016-08-08,96.37279999999998
2016-08-05,96.2846
2016-08-04,95.778
2016-08-03,95.5488
2016-08-02,95.0976
2016-08-01,95.77759999999999
2016-07-29,95.5534
2016-07-28,96.6868
2016-07-27,96.7846
2016-07-26,97.16539999999999
2016-07-25,97.25869999999999
2016-07-22,97.35260000000001
2016-07-21,96.94879999999999
2016-07-20,97.14150000000001
2016-07-19,97.03850000000001
2016-07-18,96.54650000000001
2016-07-15,96.68549999999999
2016-07-14,96.12299999999999
2016-07-13,96.3202
2016-07-12,96.5086
2016-07-11,96.5512
2016-07-08,96.29660000000001
2016-07-07,96.25800000000001
2016-07-06,96.10369999999999
2016-07-05,96.2122
2016-07-04,95.5253
2016-07-01,95.6655
2016-06-30,95.95259999999999
2016-06-29,95.6621
2016-06-28,96.0549
2016-06-27,96.3817
2016-06-24,95.4392
2016-06-23,93.0873
2016-06-22,93.5461
2016-06-21,94.069
2016-06-20,93.6532
2016-06-17,94.1537
2016-06-16,94.6095
2016-06-15,94.6106
2016-06-14,94.91579999999999
2016-06-13,94.4217
2016-06-10,94.65820000000001
2016-06-09,94.0911
2016-06-08,93.5436
2016-06-07,93.8621
2016-06-06,94.02340000000001
2016-06-03,93.92219999999999
2016-06-02,95.5545
2016-06-01,95.42139999999999
2016-05-31,95.84119999999999
2016-05-30,95.7093
2016-05-27,95.73970000000001
2016-05-26,95.1449
2016-05-25,95.3895
2016-05-24,95.632
2016-05-23,95.244
2016-05-20,95.2969
2016-05-19,95.3061
2016-05-18,95.19600000000001
2016-05-17,94.5705
2016-05-16,94.56810000000002
2016-05-13,94.6182
2016-05-12,94.1655
2016-05-11,93.842
2016-05-10,94.2693
2016-05-09,94.1528
2016-05-06,93.851
2016-05-05,93.7589
2016-05-04,93.2766
2016-05-03,93.074
2016-05-02,92.6008
2016-04-29,93.0482
2016-04-28,93.77159999999999
2016-04-27,94.4046
2016-04-26,94.51370000000001
2016-04-25,94.757
2016-04-22,95.0753
2016-04-21,94.6499
2016-04-20,94.537
2016-04-19,94.1132
2016-04-18,94.4656
2016-04-15,94.70179999999999
2016-04-14,94.944
2016-04-13,94.80210000000001
2016-04-12,94.04400000000001
2016-04-11,94.00880000000001
2016-04-08,94.2109
2016-04-07,94.53559999999999
2016-04-06,94.3598
2016-04-05,94.61330000000001
2016-04-04,94.5767
2016-04-01,94.5626
2016-03-31,94.62809999999999
2016-03-30,94.8412
2016-03-29,95.177
2016-03-28,95.9617
2016-03-25,96.26259999999999
2016-03-24,96.11989999999999
2016-03-23,96.05269999999999
2016-03-22,95.6661
2016-03-21,95.40939999999999
2016-03-18,95.0613
2016-03-17,94.80739999999999
2016-03-16,95.7504
2016-03-15,96.65109999999999
2016-03-14,96.581
2016-03-11,96.22590000000001
2016-03-10,96.19659999999999
2016-03-09,97.1776
2016-03-08,97.1908
2016-03-07,97.116
2016-03-04,97.20840000000001
2016-03-03,97.599
2016-03-02,98.1782
2016-03-01,98.3451
2016-02-29,98.2616
2016-02-26,98.1378
2016-02-25,97.43840000000002
2016-02-24,97.50890000000001
2016-02-23,97.46170000000001
2016-02-22,97.3696
2016-02-19,96.6038
2016-02-18,96.8293
2016-02-17,96.85239999999999
2016-02-16,96.86370000000001
2016-02-15,96.7358
2016-02-12,95.95360000000001
2016-02-11,95.5945
2016-02-10,95.7935
2016-02-09,96.0238
2016-02-08,96.7299
2016-02-05,96.9734
2016-02-04,96.5033
2016-02-03,97.2096
2016-02-02,98.87010000000001
2016-02-01,99.0258
2016-01-29,99.55579999999999
2016-01-28,98.59740000000001
2016-01-27,98.9821
2016-01-26,99.0243
2016-01-25,99.2929
2016-01-22,99.52789999999999
2016-01-21,99.0836
2016-01-20,99.08279999999999
2016-01-19,99.1251
2016-01-18,99.0998
2016-01-15,98.9195
2016-01-14,99.0721
2016-01-13,98.9575
2016-01-12,98.9391
2016-01-11,98.8438
2016-01-08,98.3897
2016-01-07,98.2844
2016-01-06,99.2229
2016-01-05,99.3634
2016-01-04,98.84660000000001
2015-12-31,98.70439999999999
2015-12-30,98.2344
2015-12-29,98.2621
2015-12-28,97.97189999999999
2015-12-25,97.84870000000001
2015-12-24,97.93900000000001
2015-12-23,98.3578
2015-12-22,98.1859
2015-12-21,98.45360000000001
2015-12-18,98.71119999999999
2015-12-17,99.0758
2015-12-16,98.37060000000001
2015-12-15,98.17770000000002
2015-12-14,97.6446
2015-12-11,97.57610000000001
2015-12-10,97.9263
2015-12-09,97.343
2015-12-08,98.42379999999999
2015-12-07,98.7079
2015-12-04,98.3092
2015-12-03,97.8693
2015-12-02,99.9883
2015-12-01,99.7855
2015-11-30,100.23509999999999
2015-11-27,100.0768
2015-11-26,99.8394
2015-11-25,99.7437
2015-11-24,99.63080000000001
2015-11-23,99.72980000000001
2015-11-20,99.6025
2015-11-19,98.9779
2015-11-18,99.5715
2015-11-17,99.65249999999999
2015-11-16,99.3841
2015-11-13,99.1003
2015-11-12,98.50949999999999
2015-11-11,98.9696
2015-11-10,99.16959999999999
2015-11-09,99.0496
2015-11-06,99.16579999999999
2015-11-05,97.99260000000001
2015-11-04,97.8856
2015-11-03,97.1675
2015-11-02,96.9097
2015-10-30,96.8961
2015-10-29,97.2199
2015-10-28,97.6195
2015-10-27,96.87920000000001
2015-10-26,96.80480000000001
2015-10-23,97.0584
2015-10-22,96.36599999999999
2015-10-21,95.0499
2015-10-20,94.8602
2015-10-19,94.91760000000001
2015-10-16,94.73460000000001
2015-10-15,94.448
2015-10-14,93.9143
2015-10-13,94.7781
2015-10-12,94.87819999999999
2015-10-09,94.90410000000001
2015-10-08,95.2894
2015-10-07,95.5902
2015-10-06,95.4556
2015-10-05,96.0788
2015-10-02,95.91870000000002
2015-10-01,96.1548
2015-09-30,96.2692
2015-09-29,95.9103
2015-09-28,95.9687
2015-09-25,96.2585
2015-09-24,96.2721
2015-09-23,96.1849
2015-09-22,96.3323
2015-09-21,95.92490000000001
2015-09-18,95.15929999999999
2015-09-17,94.5509
2015-09-16,95.33980000000001
2015-09-15,95.6286
2015-09-14,95.258
2015-09-11,95.17179999999999
2015-09-10,95.547
2015-09-09,95.8939
2015-09-08,95.8817
2015-09-07,96.1471
2015-09-04,96.25460000000001
2015-09-03,96.40190000000001
2015-09-02,95.911
2015-09-01,95.32000000000001
2015-08-31,95.98849999999999
2015-08-28,95.7727
2015-08-27,95.7701
2015-08-26,95.34
2015-08-25,94.01339999999999
2015-08-24,93.5158
2015-08-21,94.8598
2015-08-20,95.7787
2015-08-19,96.4418
2015-08-18,97.0017
2015-08-17,96.819
2015-08-14,96.60239999999999
2015-08-13,96.3754
2015-08-12,96.3251
2015-08-11,97.198
2015-08-10,97.18549999999999
2015-08-07,97.6178
2015-08-06,97.8139
2015-08-05,97.9178
2015-08-04,97.9392
2015-08-03,97.48629999999999
2015-07-31,97.22760000000001
2015-07-30,97.485
2015-07-29,97.1898
2015-07-28,96.65190000000001
2015-07-27,96.5452
2015-07-24,97.2414
2015-07-23,97.2223
2015-07-22,97.43469999999999
2015-07-21,97.3371
2015-07-20,98.0731
2015-07-17,97.96350000000001
2015-07-16,97.6552
2015-07-15,97.1565
2015-07-14,96.6523
2015-07-13,96.7929
2015-07-10,95.8468
2015-07-09,96.4315
2015-07-08,96.2079
2015-07-07,96.74029999999999
2015-07-06,96.2564
2015-07-03,95.9509
2015-07-02,96.1261
2015-07-01,96.2528
2015-06-30,95.5016
2015-06-29,94.9534
2015-06-26,95.4284
2015-06-25,95.2119
2015-06-24,95.2772
2015-06-23,95.41839999999999
2015-06-22,94.3404
2015-06-19,94.1
2015-06-18,94.0267
2015-06-17,94.2461
2015-06-16,94.94539999999999
2015-06-15,94.79429999999999
2015-06-12,94.97
2015-06-11,95.14
2015-06-10,94.66
2015-06-09,95.18
2015-06-08,95.24
2015-06-05,96.37
2015-06-04,95.59
2015-06-03,95.35000000000001
2015-06-02,95.92999999999999
2015-06-01,97.46
2015-05-29,96.86
2015-05-28,96.9465
2015-05-27,97.27260000000001
2015-05-26,97.2944
2015-05-25,96.3832
2015-05-22,96.2011
2015-05-21,95.40990000000001
2015-05-20,95.6257
2015-05-19,95.30659999999999
2015-05-18,94.1663
2015-05-15,93.2684
2015-05-14,93.3873
2015-05-13,93.6716
2015-05-12,94.54129999999999
2015-05-11,95.0363
2015-05-08,94.8102
2015-05-07,94.6012
2015-05-06,94.147
2015-05-05,95.1201
2015-05-04,95.4227
2015-05-01,95.24040000000001
2015-04-30,94.8313
2015-04-29,95.19819999999999
2015-04-28,96.0838
2015-04-27,96.75569999999999
2015-04-24,96.90790000000001
2015-04-23,97.3056
2015-04-22,98.06280000000001
2015-04-21,97.9716
2015-04-20,97.9102
2015-04-17,97.45379999999999
2015-04-16,97.6466
2015-04-15,98.36980000000001
2015-04-14,98.75649999999999
2015-04-13,99.513
2015-04-10,99.386
2015-04-09,98.9915
2015-04-08,98.0676
2015-04-07,97.9562
2015-04-06,97.0478
2015-04-03,96.8164
2015-04-02,97.50970000000001
2015-04-01,98.1771
2015-03-31,98.41170000000001
2015-03-30,97.97600000000001
2015-03-27,97.35799999999999
2015-03-26,97.4193
2015-03-25,96.874
2015-03-24,97.20540000000001
2015-03-23,97.0081
2015-03-20,97.8557
2015-03-19,99.1017
2015-03-18,97.8016
2015-03-17,99.6036
2015-03-16,99.6996
2015-03-13,100.1485
2015-03-12,99.22420000000001
2015-03-11,99.7229
2015-03-10,98.7554
2015-03-09,97.6496
2015-03-06,97.7051
2015-03-05,96.35279999999999
2015-03-04,95.94049999999999
2015-03-03,95.41000000000001
2015-03-02,95.47
2015-02-27,95.25000000000001
2015-02-26,95.2796
2015-02-25,94.4
2015-02-24,94.49
2015-02-23,94.54
2015-02-20,94.3069
2015-02-19,94.3843
2015-02-18,94.1335
2015-02-17,94.09349999999999
2015-02-16,94.3524
2015-02-13,94.1781
2015-02-12,94.1922
2015-02-11,94.8317
2015-02-10,94.73039999999999
2015-02-09,94.5716
2015-02-06,94.69000000000001
2015-02-05,93.53999999999999
2015-02-04,94.42
2015-02-03,93.63000000000001
2015-02-02,94.58999999999999
2015-01-30,94.8737
2015-01-29,94.7276
2015-01-28,94.6236
2015-01-27,94.0169
2015-01-26,94.95199999999998
2015-01-23,95.011
2015-01-22,94.1813
2015-01-21,92.77
2015-01-20,93.03
2015-01-19,92.56
2015-01-16,92.69
2015-01-15,92.0813
2015-01-14,92.0981
2015-01-13,92.28
2015-01-12,92.03
2015-01-09,91.9444
2015-01-08,92.2916
2015-01-07,91.9892
2015-01-06,91.61
2015-01-05,91.42
2015-01-02,91.15


















































































































































































































































































































































































































































































































































































































































































































































































































































































































































































































































































































































































































































































































































































































































































































































































































































































































































































































































































































































































































































































































































































































































































































































































































































































































































































































































































































